Tree ID,Tree Type,Genus,Species,Common Name,Canopy Spread,Height,Latitude,Longitude
10146,DECIDUOUS,Quercus,bicolor,Swamp White Oak,19.0,21.0,40.00910444,-105.2725292
10150,DECIDUOUS,Gymnocladus,dioicus,Kentucky Coffeetree,31.0,47.0,40.00913593,-105.2727975
10041,DECIDUOUS,Quercus,rubra,Northern Red Oak,65.0,102.0,40.00888767,-105.2748857
10042,DECIDUOUS,Quercus,rubra,Northern Red Oak,42.0,54.0,40.00877507,-105.2749996
10051,DECIDUOUS,Crataegus,mollis,Hawthorne,18.0,20.0,40.00887024,-105.2754284
10052,DECIDUOUS,Gleditsia,triacanthos,Honey Locust,34.0,68.0,40.0088399,-105.2753071
10055,DECIDUOUS,Sorbus,None,Mountain-ash,7.0,17.0,40.00894038,-105.2752206
10118,DECIDUOUS,Quercus,palustris,Pin Oak,25.0,27.0,40.00895672,-105.2713972
10456,CONIFEROUS,Pseudotsuga,menziesii,Douglas Fir,10.0,28.0,40.01003153,-105.275527
10285,DECIDUOUS,Acer,saccharinum,Silver Maple,18.0,25.0,40.00961808,-105.2750125
10319,CONIFEROUS,Pseudotsuga,menziesii,Douglas Fir,24.0,62.0,40.00959138,-105.2744772
10328,DECIDUOUS,Quercus,rubra,Northern Red Oak,40.0,56.0,40.00969183,-105.275427
10329,DECIDUOUS,Tilia,americana,American Linden,35.0,40.0,40.00979183,-105.275269
10345,DECIDUOUS,Gleditsia,triacanthos,Honey Locust,40.0,45.0,40.01035936,-105.2753222
10348,DECIDUOUS,Prunus,None,Flowering fruit trees,16.0,30.0,40.0103547,-105.2750968
10458,CONIFEROUS,Pseudotsuga,menziesii,Douglas Fir,10.0,20.0,40.01004684,-105.2755822
10464,CONIFEROUS,Pseudotsuga,menziesii,Douglas Fir,25.0,40.0,40.00950967,-105.2757369
10467,CONIFEROUS,Pinus,nigra,Austrian Pine,16.0,29.0,40.01032476,-105.2760597
10468,CONIFEROUS,Pinus,mugo,Mugo Pine,7.0,5.0,40.0102291,-105.2760614
10472,CONIFEROUS,Pinus,ponderosa,Ponderosa Pine,16.0,30.0,40.0103109,-105.2759547
10479,CONIFEROUS,Pinus,ponderosa,Ponderosa Pine,15.0,60.0,40.01030592,-105.2757596
10480,CONIFEROUS,Pinus,ponderosa,Ponderosa Pine,15.0,50.0,40.01032389,-105.275713
10750,DECIDUOUS,Fraxinus,americana,White Ash,15.0,30.0,40.009399,-105.2742956
10762,DECIDUOUS,Fraxinus,pennsylvanica,Green Ash,20.0,30.0,40.00977326,-105.2762282
10763,DECIDUOUS,Fraxinus,pennsylvanica,Green Ash,20.0,30.0,40.00966799,-105.2761499
10771,DECIDUOUS,Fraxinus,pennsylvanica,Green Ash,30.0,35.0,40.00835502,-105.2739823
10776,DECIDUOUS,Fraxinus,americana,White Ash,15.0,30.0,40.01017593,-105.2742952
10777,DECIDUOUS,Fraxinus,americana,White Ash,15.0,30.0,40.0101509,-105.2742503
10787,DECIDUOUS,Fraxinus,americana,White Ash,12.0,35.0,40.01003371,-105.2740349
10796,DECIDUOUS,Fraxinus,americana,White Ash,15.0,40.0,40.00999893,-105.2738593
10799,DECIDUOUS,Fraxinus,americana,White Ash,15.0,35.0,40.0100355,-105.2737477
10802,DECIDUOUS,Fraxinus,americana,White Ash,15.0,35.0,40.01002627,-105.2735994
11185,DECIDUOUS,Ulmus,americana,American Elm,30.0,85.0,40.00775512,-105.2723714
11679,CONIFEROUS,Picea,pungens,Blue Spruce,16.0,55.0,40.00915054,-105.2737074
14154,DECIDUOUS,Syringa,reticulata,Japanese tree lilac,6.0,6.0,40.00986233,-105.2760194
14155,DECIDUOUS,Cercis,canadensis,Redbud,6.0,6.0,40.00984074,-105.2755459
12342,CONIFEROUS,Pseudotsuga,menziesii,Douglas Fir,20.0,65.0,40.01030714,-105.2725214
12415,CONIFEROUS,Juniperus,None,Juniper,16.0,44.0,40.00963388,-105.2725169
12421,CONIFEROUS,Picea,pungens,Blue Spruce,16.0,50.0,40.00973208,-105.2733052
12424,CONIFEROUS,Pinus,ponderosa,Ponderosa Pine,32.0,60.0,40.00986978,-105.2722732
12425,CONIFEROUS,Pinus,ponderosa,Ponderosa Pine,25.0,50.0,40.00992271,-105.2722884
12467,DECIDUOUS,Quercus,rubra,Northern Red Oak,30.0,65.0,40.00891451,-105.2731733
12472,DECIDUOUS,Acer,platanoides,Norway Maple,40.0,28.0,40.00845442,-105.2729688
12474,DECIDUOUS,Quercus,bicolor,Weeping Swamp White Oak,25.0,30.0,40.00833308,-105.2735826
12475,DECIDUOUS,Tilia,americana,American Linden,20.0,30.0,40.00820831,-105.2731262
12479,DECIDUOUS,Ulmus,americana,American Elm,60.0,76.0,40.00796755,-105.2728904
12485,DECIDUOUS,Quercus,macrocarpa,Bur Oak,15.0,20.0,40.00807546,-105.2730072
12493,DECIDUOUS,Quercus,robur,English Oak,10.0,24.0,40.00787329,-105.2733476
12538,CONIFEROUS,Picea,pungens,Blue Spruce,20.0,65.0,40.00847666,-105.2738914
12545,CONIFEROUS,Picea,pungens,Blue Spruce,24.0,60.0,40.00812933,-105.2730364
12614,CONIFEROUS,Juniperus,None,Juniper,15.0,35.0,40.00828824,-105.2740574
12390,DECIDUOUS,Celtis,occidentalis,Common Hackberry,20.0,45.0,40.010254,-105.2722569
12391,DECIDUOUS,Celtis,occidentalis,Common Hackberry,40.0,60.0,40.01027594,-105.2722126
12393,DECIDUOUS,Ulmus,americana,American Elm,30.0,40.0,40.01031071,-105.272616
12898,CONIFEROUS,Juniperus,None,Juniper,16.0,35.0,40.00909082,-105.2734609
12901,CONIFEROUS,Juniperus,None,Juniper,10.0,30.0,40.00929782,-105.2734919
12923,DECIDUOUS,Ulmus,americana,American Elm,20.0,16.0,40.00994091,-105.2738825
12679,DECIDUOUS,Fagus,None,Beech,20.0,25.0,40.0081048,-105.2746434
12681,DECIDUOUS,Koelreuteria,None,Golden Rain Tree,15.0,30.0,40.00818427,-105.2747024
12752,DECIDUOUS,Acer,rubrum,Red Maple,20.0,30.0,40.0092726,-105.2708834
12789,DECIDUOUS,Quercus,robur,English Oak,30.0,35.0,40.00928718,-105.2713947
12805,DECIDUOUS,Catalpa,speciosa,Western Catalpa,35.0,61.0,40.00923169,-105.2739572
12824,CONIFEROUS,Pinus,ponderosa,Ponderosa Pine,25.0,54.0,40.00829875,-105.2713461
12942,DECIDUOUS,Prunus,None,Flowering fruit trees,8.0,20.0,40.01004792,-105.2748237
12942,DECIDUOUS,Prunus,None,Flowering fruit trees,8.0,20.0,40.01005207,-105.2748282
12953,DECIDUOUS,Rhamnus,cathartica,Buckthorn,8.0,12.0,40.00989656,-105.2748945
12962,CONIFEROUS,Picea,pungens,Blue Spruce,16.0,40.0,40.00709296,-105.2728093
12966,CONIFEROUS,Abies,concolor,White Fir,6.0,10.0,40.00968067,-105.2739713
12969,CONIFEROUS,Juniperus,None,Juniper,10.0,25.0,40.00960249,-105.2740947
12972,CONIFEROUS,Juniperus,None,Juniper,10.0,30.0,40.00992066,-105.273691
13216,CONIFEROUS,Pseudotsuga,menziesii,Douglas Fir,12.0,30.0,40.00847436,-105.2752997
13229,CONIFEROUS,Picea,pungens,Blue Spruce,8.0,35.0,40.00990088,-105.2762624
12976,CONIFEROUS,Juniperus,None,Juniper,16.0,25.0,40.00952921,-105.2733925
12993,DECIDUOUS,Rhamnus,cathartica,Buckthorn,8.0,12.0,40.00740665,-105.2726831
13004,DECIDUOUS,Cercis,canadensis,Redbud,12.0,24.0,40.00747921,-105.2726409
13008,DECIDUOUS,Rhamnus,cathartica,Buckthorn,8.0,12.0,40.00714774,-105.2729186
13011,DECIDUOUS,Rhamnus,cathartica,Buckthorn,8.0,12.0,40.00708506,-105.2729232
13019,DECIDUOUS,Acer,saccharinum,Silver Maple,30.0,40.0,40.00948727,-105.2740096
13433,DECIDUOUS,Acer,platanoides,Norway Maple,30.0,45.0,40.008496,-105.2745297
13438,DECIDUOUS,Robinia,None,Locust,25.0,50.0,40.00853913,-105.2748299
13441,DECIDUOUS,Castanea,sativa,American Chestnut,15.0,30.0,40.00872321,-105.2748855
13449,DECIDUOUS,Quercus,rubra,Northern Red Oak,20.0,50.0,40.00886687,-105.2747493
13453,DECIDUOUS,Fraxinus,pennsylvanica,Green Ash,30.0,40.0,40.00885565,-105.2747881
13454,DECIDUOUS,Populus,tremuloides,Aspen,10.0,4.0,40.00885314,-105.2745104
13458,CONIFEROUS,Picea,pungens,Blue Spruce,30.0,45.0,40.00843395,-105.2744883
13466,CONIFEROUS,Pseudotsuga,menziesii,Douglas Fir,20.0,50.0,40.00875337,-105.2744927
13469,CONIFEROUS,Picea,pungens,Blue Spruce,20.0,60.0,40.00882264,-105.2744251
13470,CONIFEROUS,Picea,pungens,Blue Spruce,15.0,45.0,40.00885663,-105.274359
13471,CONIFEROUS,Picea,pungens,Blue Spruce,15.0,30.0,40.00889677,-105.2743738
13481,CONIFEROUS,Taxodium,None,Bald Cypress,20.0,40.0,40.0087781,-105.274628
13306,DECIDUOUS,Rhamnus,cathartica,Buckthorn,8.0,12.0,40.00817646,-105.275106
13699,DECIDUOUS,Acer,saccharum,Sugar Maple,4.0,8.0,40.00807764,-105.2725316
13798,DECIDUOUS,Fraxinus,americana,Ash,12.0,0.0,40.01006775,-105.2732879
13806,DECIDUOUS,Gleditsia,triacanthos,Honey Locust,15.0,30.0,40.0099389,-105.2732959
13825,DECIDUOUS,Crataegus,mollis,Downy Hawthorn,6.0,12.0,40.01036046,-105.2732605
10148,DECIDUOUS,Quercus,rubra,Northern Red Oak,25.0,36.0,40.00936978,-105.2724634
10019,CONIFEROUS,Picea,pungens,Blue Spruce,24.0,28.0,40.00890334,-105.2743172
10034,DECIDUOUS,Catalpa,speciosa,Catalpa,11.0,40.0,40.00893921,-105.2738912
10035,DECIDUOUS,Quercus,rubra,Northern Red Oak,37.0,64.0,40.00874625,-105.2743363
10057,DECIDUOUS,Gleditsia,triacanthos,Honey Locust,20.0,45.0,40.00896259,-105.2751339
10058,DECIDUOUS,Quercus,palustris,Pin Oak,32.0,74.0,40.00903268,-105.275058
10112,CONIFEROUS,Pinus,strobus,Eastern White Pine,32.0,55.0,40.00933534,-105.2725896
10113,CONIFEROUS,Pinus,ponderosa,Ponderosa Pine,15.0,37.0,40.00930873,-105.2729914
10122,DECIDUOUS,Quercus,macrocarpa,Bur Oak,30.0,41.0,40.0084635,-105.2718379
10127,DECIDUOUS,Fraxinus,americana,White Ash,32.0,38.0,40.00851066,-105.2726376
10133,DECIDUOUS,Acer,saccharum,Sugar Maple,20.0,28.0,40.00884845,-105.2725864
10140,DECIDUOUS,Acer,saccharinum,Silver Maple,40.0,92.0,40.00907207,-105.2725929
10141,DECIDUOUS,Acer,saccharinum,Silver Maple,40.0,89.0,40.00907474,-105.2726974
10281,DECIDUOUS,Quercus,rubra,Northern Red Oak,30.0,42.0,40.00954381,-105.2748896
10289,DECIDUOUS,Acer,saccharum,Sugar Maple,24.0,27.0,40.0098037,-105.2750339
10327,DECIDUOUS,Quercus,rubra,Northern Red Oak,20.0,30.0,40.00993895,-105.2754564
10331,DECIDUOUS,Acer,rubrum,Red Maple,35.0,36.0,40.00994639,-105.27524
10339,DECIDUOUS,Acer,platanoides,Norway Maple,40.0,45.0,40.01028369,-105.2755597
10341,DECIDUOUS,Malus,None,Apple,16.0,30.0,40.01027753,-105.275511
10343,DECIDUOUS,Prunus,None,Flowering fruit trees,20.0,46.0,40.01027616,-105.2753224
10463,CONIFEROUS,Pseudotsuga,menziesii,Douglas Fir,25.0,56.0,40.00951465,-105.2757698
10471,CONIFEROUS,Pinus,nigra,Austrian Pine,16.0,30.0,40.01030799,-105.2758599
10734,DECIDUOUS,Fraxinus,americana,White Ash,35.0,84.0,40.00903846,-105.2735925
10746,DECIDUOUS,Fraxinus,americana,White Ash,15.0,30.0,40.0096504,-105.2744232
10749,DECIDUOUS,Fraxinus,americana,White Ash,15.0,30.0,40.00941492,-105.274279
10752,DECIDUOUS,Fraxinus,americana,White Ash,15.0,30.0,40.00944042,-105.2743351
10782,DECIDUOUS,Fraxinus,americana,White Ash,40.0,65.0,40.01005829,-105.2743937
10788,DECIDUOUS,Fraxinus,americana,White Ash,12.0,30.0,40.01014119,-105.2739437
10801,DECIDUOUS,Fraxinus,americana,White Ash,15.0,35.0,40.01000158,-105.2737961
10803,DECIDUOUS,Fraxinus,americana,White Ash,15.0,35.0,40.01006235,-105.2735759
11193,DECIDUOUS,Syringa,reticulata,Tree Lilac,15.0,19.0,40.00807611,-105.2722326
11196,DECIDUOUS,Rhamnus,cathartica,Buckthorn,12.0,15.0,40.0081816,-105.2722721
11199,DECIDUOUS,Quercus,bicolor,Swamp White Oak,9.0,17.0,40.0082989,-105.2725096
11211,CONIFEROUS,Pinus,nigra,Austrian Pine,17.0,45.0,40.00832581,-105.2722404
11416,DECIDUOUS,Fraxinus,americana,White Ash,32.0,38.0,40.00851724,-105.2728349
11673,CONIFEROUS,Picea,pungens,Blue Spruce,16.0,30.0,40.00902692,-105.2719714
11675,CONIFEROUS,Taxodium,None,Bald Cypress,12.0,22.0,40.0090453,-105.271855
11660,DECIDUOUS,Fraxinus,americana,White Ash,35.0,60.0,40.01022083,-105.2748442
12332,CONIFEROUS,Pinus,ponderosa,Ponderosa Pine,25.0,50.0,40.00994811,-105.2723805
12340,CONIFEROUS,Juniperus,None,Juniper,10.0,25.0,40.01033122,-105.2723156
12416,CONIFEROUS,Picea,pungens,Blue Spruce,16.0,45.0,40.00966657,-105.2724697
12465,DECIDUOUS,Quercus,macrocarpa,Bur Oak,8.0,18.0,40.00893141,-105.2728444
12478,DECIDUOUS,Quercus,rubra,Northern Red Oak,33.0,30.0,40.00835893,-105.2728628
12483,DECIDUOUS,Celtis,occidentalis,Common Hackberry,25.0,45.0,40.00816906,-105.2727887
12491,DECIDUOUS,Quercus,robur,English Oak,10.0,40.0,40.00787247,-105.2734444
12494,DECIDUOUS,Quercus,robur,English Oak,15.0,45.0,40.00787305,-105.2733079
12541,CONIFEROUS,Thuja,None,Arborvitae,10.0,20.0,40.00825208,-105.2734993
12544,CONIFEROUS,Abies,concolor,White Fir,24.0,45.0,40.00819932,-105.2730477
12547,CONIFEROUS,Picea,pungens,Blue Spruce,24.0,45.0,40.008152,-105.2730947
12379,DECIDUOUS,Acer,rubrum,Red Maple,30.0,40.0,40.00951411,-105.2732592
12395,DECIDUOUS,Populus,deltoides,Eastern Cotton Wood,45.0,70.0,40.01006089,-105.2731596
12414,CONIFEROUS,Picea,pungens,Blue Spruce,8.0,38.0,40.0096655,-105.2721083
12899,CONIFEROUS,Picea,pungens,Blue Spruce,24.0,58.0,40.00931456,-105.2731395
12908,DECIDUOUS,Populus,deltoides,Poplar,18.0,50.0,40.00957852,-105.274425
12912,DECIDUOUS,Prunus,None,Flowering fruit trees,16.0,25.0,40.0089623,-105.2741147
12913,DECIDUOUS,Cercis,canadensis,Redbud,16.0,30.0,40.00906097,-105.2742152
12929,DECIDUOUS,Crataegus,crusgalli,Cockspur Hawthorn,10.0,10.0,40.01020518,-105.2748804
12934,DECIDUOUS,Ulmus,americana,American Elm,40.0,65.0,40.01035315,-105.2749046
12725,CONIFEROUS,Pinus,ponderosa,Ponderosa Pine,30.0,50.0,40.00810352,-105.2744677
12731,CONIFEROUS,Juniperus,None,Juniper,18.0,35.0,40.00830406,-105.2743406
12791,DECIDUOUS,Malus,None,Apple,7.0,7.0,40.00905961,-105.2714777
12799,DECIDUOUS,Acer,rubrum,Red Maple,16.0,24.0,40.00902404,-105.2741008
12848,CONIFEROUS,Juniperus,None,Juniper,18.0,35.0,40.00773728,-105.2726454
12946,DECIDUOUS,Prunus,None,Flowering fruit trees,6.0,10.0,40.01000629,-105.2748178
12960,CONIFEROUS,Picea,pungens,Blue Spruce,18.0,40.0,40.00715453,-105.2726231
12977,CONIFEROUS,Thuja,None,Arborvitae,8.0,12.0,40.00929869,-105.2740137
12981,CONIFEROUS,Pseudotsuga,menziesii,Douglas Fir,18.0,61.0,40.00951058,-105.2741272
12985,CONIFEROUS,Juniperus,None,Juniper,15.0,20.0,40.00926905,-105.2742791
12992,DECIDUOUS,Rhamnus,cathartica,Buckthorn,8.0,12.0,40.00738939,-105.2725226
13034,CONIFEROUS,Picea,pungens,Blue Spruce,12.0,40.0,40.00973326,-105.2744248
13429,DECIDUOUS,Fagus,None,European Beech,16.0,30.0,40.00850048,-105.2743399
13434,DECIDUOUS,Salix,None,Black Willow,40.0,75.0,40.00860347,-105.2746973
13455,DECIDUOUS,Populus,tremuloides,Aspen,4.0,8.0,40.00883585,-105.2745516
13456,DECIDUOUS,Gleditsia,triacanthos,Honey Locust,15.0,40.0,40.00895436,-105.2744064
13467,CONIFEROUS,Juniperus,None,Juniper,15.0,30.0,40.00877423,-105.2744362
13468,CONIFEROUS,Juniperus,None,Juniper,15.0,30.0,40.00878089,-105.2744656
13474,CONIFEROUS,Juniperus,None,Juniper,15.0,20.0,40.00842814,-105.2747306
13309,DECIDUOUS,Gleditsia,triacanthos,Honey Locust,25.0,35.0,40.00907107,-105.2756646
13547,CONIFEROUS,Picea,pungens,Blue Spruce,4.0,9.0,40.00914763,-105.2712378
13799,DECIDUOUS,Fraxinus,americana,Ash,12.0,0.0,40.01008018,-105.2732835
13808,DECIDUOUS,Fraxinus,americana,Ash,12.0,0.0,40.00997352,-105.2732212
13818,DECIDUOUS,Crataegus,mollis,Downy Hawthorn,3.0,10.0,40.01018735,-105.2732017
13820,DECIDUOUS,Crataegus,mollis,Downy Hawthorn,15.0,20.0,40.01028235,-105.2731543
13824,DECIDUOUS,Crataegus,mollis,Downy Hawthorn,6.0,12.0,40.01034945,-105.2732235
13834,DECIDUOUS,Crataegus,mollis,Hawthorne,15.0,20.0,40.01031834,-105.2743236
15603,CONIFEROUS,Picea,omorika,Serbian spruce,4.0,6.0,40.0089392,-105.2742818
15644,DECIDUOUS,Acer,platanoides,Norway maple 'Pacific Sunset',3.0,8.0,40.00973489,-105.2746417
10013,CONIFEROUS,Picea,pungens,Blue Spruce,19.0,30.0,40.00887285,-105.2741052
10047,DECIDUOUS,Betula,None,Birch,31.0,29.0,40.00878729,-105.2754761
10062,DECIDUOUS,Catalpa,speciosa,Western Catalpa,7.0,15.0,40.00905517,-105.2754404
10065,CONIFEROUS,Pinus,ponderosa,Ponderosa Pine,32.0,69.0,40.0090969,-105.2751946
10114,CONIFEROUS,Pinus,monticola,Western White Pine,33.0,57.0,40.00927316,-105.2730234
10136,DECIDUOUS,Quercus,alba,White Oak,5.0,8.0,40.00893887,-105.2719463
10242,CONIFEROUS,Pseudotsuga,menziesii,Douglas Fir,12.0,48.0,40.00950236,-105.2752401
10286,DECIDUOUS,Acer,saccharinum,Silver Maple,45.0,56.0,40.00964479,-105.2750387
10316,CONIFEROUS,Pinus,nigra,Austrian Pine,25.0,39.0,40.00951333,-105.2746085
10318,CONIFEROUS,Pinus,nigra,Austrian Pine,25.0,54.0,40.00966713,-105.2745859
10322,DECIDUOUS,Crataegus,mollis,Hawthorne,24.0,35.0,40.01009242,-105.2758011
10325,DECIDUOUS,Acer,saccharinum,Silver Maple,35.0,48.0,40.0100786,-105.2757509
10334,DECIDUOUS,Acer,saccharinum,Silver Maple,40.0,60.0,40.00961608,-105.2758548
10346,DECIDUOUS,Prunus,None,Flowering fruit trees,16.0,42.0,40.01024523,-105.2752059
10357,DECIDUOUS,Acer,platanoides,Norway Maple,30.0,34.0,40.01001935,-105.2750102
10460,CONIFEROUS,Picea,pungens,Blue Spruce,16.0,41.0,40.00966825,-105.2755382
10473,CONIFEROUS,Juniperus,None,Juniper,16.0,24.0,40.01027444,-105.2759796
10474,CONIFEROUS,Picea,pungens,Blue Spruce,16.0,24.0,40.01032725,-105.2759235
10475,CONIFEROUS,Pinus,ponderosa,Ponderosa Pine,15.0,66.0,40.01031386,-105.2758233
10477,CONIFEROUS,Pinus,ponderosa,Ponderosa Pine,15.0,60.0,40.01028111,-105.2757959
10727,DECIDUOUS,Fraxinus,americana,White Ash,20.0,35.0,40.00905505,-105.2745475
10733,DECIDUOUS,Fraxinus,americana,White Ash,25.0,50.0,40.00910648,-105.2742685
10744,DECIDUOUS,Fraxinus,americana,White Ash,20.0,50.0,40.00935528,-105.2742243
10753,DECIDUOUS,Fraxinus,americana,White Ash,15.0,30.0,40.00941602,-105.2743226
10758,DECIDUOUS,Fraxinus,americana,White Ash,18.0,30.0,40.00974216,-105.2739165
10804,DECIDUOUS,Fraxinus,americana,White Ash,15.0,35.0,40.01007221,-105.2735917
11190,DECIDUOUS,Acer,saccharum,Sugar Maple,27.0,39.0,40.00807397,-105.2724472
11200,DECIDUOUS,Quercus,coccinea,Scarlet Oak,16.0,30.0,40.00834553,-105.2726306
11212,CONIFEROUS,Picea,pungens,Blue Spruce,13.0,46.0,40.00834219,-105.272293
11671,DECIDUOUS,Celtis,occidentalis,Common Hackberry,25.0,45.0,40.00916457,-105.2738252
11626,DECIDUOUS,Fraxinus,pennsylvanica,Green Ash,22.0,50.0,40.00916518,-105.2744005
14138,DECIDUOUS,Hydrangea,paniculata,Panicle hydrangea,6.0,0.0,40.01003978,-105.2759531
14153,DECIDUOUS,Pyrus,None,Pear,6.0,6.0,40.01002545,-105.2757611
12373,DECIDUOUS,Quercus,coccinea,Scarlet Oak,45.0,68.0,40.00950969,-105.2729315
12375,DECIDUOUS,Cercis,canadensis,Redbud,20.0,30.0,40.00965439,-105.2731201
12337,CONIFEROUS,Pinus,flexilis,Limber Pine,20.0,63.0,40.0103221,-105.2721205
12339,CONIFEROUS,Juniperus,None,Juniper,20.0,35.0,40.01027595,-105.2723327
12473,DECIDUOUS,Populus,deltoides,Eastern Cotton Wood,50.0,65.0,40.00874267,-105.2731004
12484,DECIDUOUS,Celtis,occidentalis,Common Hackberry,35.0,35.0,40.00798889,-105.2730601
12492,DECIDUOUS,Quercus,robur,English Oak,10.0,24.0,40.00787166,-105.2733782
12497,DECIDUOUS,Malus,None,Apple,4.0,7.0,40.00806268,-105.274136
12616,CONIFEROUS,Picea,pungens,Blue Spruce,8.0,20.0,40.00824703,-105.2740927
12619,CONIFEROUS,Larix,None,Larch,36.0,52.0,40.0083466,-105.2749871
12620,CONIFEROUS,Pseudotsuga,menziesii,Douglas fir,12.0,50.0,40.00840935,-105.2748772
12385,DECIDUOUS,Crataegus,mollis,Downy Hawthorn,10.0,22.0,40.00997224,-105.2721156
12399,DECIDUOUS,Celtis,occidentalis,Common Hackberry,12.0,24.0,40.01012399,-105.2730934
12903,CONIFEROUS,Abies,concolor,White Fir,8.0,20.0,40.00930434,-105.2736219
12906,CONIFEROUS,Pinus,ponderosa,Ponderosa Pine,30.0,47.0,40.00930383,-105.2757187
12915,DECIDUOUS,Acer,negundo,Boxelder Maple,25.0,40.0,40.00902238,-105.2744348
12920,DECIDUOUS,Rhamnus,cathartica,Buckthorn,8.0,12.0,40.01008056,-105.2745841
12922,CONIFEROUS,Xanthocyparis,nootkatensis,Nootka Cypress,16.0,20.0,40.00995516,-105.2739876
12930,DECIDUOUS,Crataegus,crusgalli,Cockspur Hawthorn,10.0,10.0,40.01021487,-105.2748602
12722,CONIFEROUS,Picea,pungens,Blue Spruce,16.0,45.0,40.00805488,-105.2747423
12723,CONIFEROUS,Picea,pungens,Blue Spruce,16.0,35.0,40.00808001,-105.2747114
12727,CONIFEROUS,Picea,pungens,Blue Spruce,20.0,60.0,40.00808182,-105.2745325
12793,DECIDUOUS,Crataegus,mollis,Downy Hawthorn,30.0,46.0,40.00916906,-105.2721714
12796,DECIDUOUS,Acer,saccharinum,Silver Maple,58.0,85.0,40.0090205,-105.2722007
12797,DECIDUOUS,Acer,pseudoplatanus,Sycamore Maple,16.0,22.0,40.0090422,-105.2722657
12815,DECIDUOUS,Quercus,alba,White Oak,40.0,63.0,40.00931723,-105.2756707
12858,CONIFEROUS,Thuja,None,Arborvitae,14.0,30.0,40.00919211,-105.2711325
12888,CONIFEROUS,Picea,pungens,Blue Spruce,18.0,30.0,40.00918169,-105.271403
12891,CONIFEROUS,Picea,pungens,Blue Spruce,12.0,20.0,40.00901951,-105.2714277
12897,CONIFEROUS,Juniperus,None,Juniper,12.0,30.0,40.00907886,-105.2736246
12949,DECIDUOUS,Rhamnus,cathartica,Buckthorn,8.0,12.0,40.00991752,-105.2748957
12967,CONIFEROUS,Juniperus,None,Juniper,10.0,35.0,40.00964145,-105.2740006
12968,CONIFEROUS,Juniperus,None,Juniper,10.0,20.0,40.00967496,-105.2739362
13166,DECIDUOUS,Acer,saccharinum,Silver Maple,40.0,63.0,40.00972967,-105.2755487
13003,DECIDUOUS,Cercis,canadensis,Redbud,12.0,24.0,40.00749563,-105.2726005
13008,DECIDUOUS,Rhamnus,cathartica,Buckthorn,8.0,12.0,40.00714621,-105.2729251
13026,DECIDUOUS,Tilia,americana,American Linden,25.0,45.0,40.009748,-105.2734142
13027,DECIDUOUS,Populus,deltoides,Poplar,18.0,40.0,40.00951536,-105.2743826
13031,CONIFEROUS,Picea,pungens,Blue Spruce,16.0,35.0,40.0090153,-105.2743357
13033,CONIFEROUS,Larix,None,Larch,4.0,6.0,40.00909556,-105.2742938
13036,CONIFEROUS,Abies,concolor,White Fir,8.0,30.0,40.01019404,-105.2747486
13428,DECIDUOUS,Gleditsia,triacanthos,Honey Locust,25.0,35.0,40.00842234,-105.2741818
13436,DECIDUOUS,Ulmus,americana,American Elm,30.0,50.0,40.00840954,-105.274683
13437,DECIDUOUS,Ailanthus,None,Tree of Heaven,20.0,40.0,40.00850054,-105.2748066
13439,DECIDUOUS,Rhamnus,cathartica,Buckthorn,10.0,20.0,40.00857305,-105.2747986
13445,DECIDUOUS,Acer,palmatum,Japanese Maple,3.0,5.0,40.00873644,-105.2746358
13457,DECIDUOUS,Gleditsia,triacanthos,Honey Locust,30.0,45.0,40.00895384,-105.2741637
13476,CONIFEROUS,Pinus,mugo,Mugo Pine,20.0,51.0,40.00831294,-105.2747112
13482,CONIFEROUS,Picea,pungens,Blue Spruce,20.0,50.0,40.00890026,-105.2745181
13307,DECIDUOUS,Malus,None,Apple,20.0,30.0,40.00844637,-105.275321
13811,DECIDUOUS,Fraxinus,americana,Ash,12.0,0.0,40.00991463,-105.2732037
13828,DECIDUOUS,Rhamnus,cathartica,Buckthorn,15.0,15.0,40.01035207,-105.2737232
15604,CONIFEROUS,Abies,concolor,White Fir,4.0,6.0,40.00828795,-105.2732333
10144,DECIDUOUS,Malus,None,Apple,18.0,20.0,40.00914635,-105.2725727
10151,DECIDUOUS,Paulownia,None,Empress Tree,11.0,9.0,40.00912492,-105.2728804
10016,CONIFEROUS,Picea,pungens,Blue Spruce,8.0,18.0,40.00881728,-105.2742443
10018,CONIFEROUS,Picea,pungens,Blue Spruce,6.0,13.0,40.00885621,-105.2742764
10036,DECIDUOUS,Ulmus,americana,American Elm,53.0,65.0,40.00858132,-105.2743693
10044,DECIDUOUS,Acer,saccharinum,Maple,5.0,17.0,40.00872689,-105.2752503
10046,DECIDUOUS,Ulmus,americana,American Elm,40.0,68.0,40.00854903,-105.2751347
10059,DECIDUOUS,Castanea,sativa,European chestnut,15.0,21.0,40.00890301,-105.2750648
10061,DECIDUOUS,Quercus,rubra,Oak 'Heritage',7.0,16.0,40.00898653,-105.2753593
10111,CONIFEROUS,Picea,pungens,Blue Spruce,10.0,38.0,40.00845318,-105.2723395
10128,DECIDUOUS,Acer,saccharinum,Silver Maple,34.0,67.0,40.00879792,-105.2727195
10138,DECIDUOUS,Quercus,palustris,Pin Oak,27.0,47.0,40.00918875,-105.2726963
10282,DECIDUOUS,Quercus,rubra,Northern Red Oak,35.0,45.0,40.00975964,-105.2749031
10283,DECIDUOUS,Gymnocladus,dioicus,Kentucky Coffeetree,35.0,51.0,40.00954999,-105.2751721
10291,DECIDUOUS,Quercus,bicolor,Swamp White Oak,35.0,60.0,40.0094753,-105.2755978
10356,DECIDUOUS,Acer,saccharum,Sugar Maple,12.0,20.0,40.00999295,-105.2751757
10360,DECIDUOUS,Acer,saccharinum,Silver Maple,30.0,35.0,40.01028585,-105.2749089
10469,CONIFEROUS,Pinus,ponderosa,Ponderosa Pine,20.0,62.0,40.01024958,-105.2756707
10736,DECIDUOUS,Fraxinus,pennsylvanica,Green Ash,25.0,35.0,40.00949791,-105.2734715
10748,DECIDUOUS,Fraxinus,americana,White Ash,15.0,30.0,40.00960489,-105.2744646
10761,DECIDUOUS,Fraxinus,pennsylvanica,Green Ash,25.0,30.0,40.00985836,-105.2762353
10783,DECIDUOUS,Fraxinus,americana,White Ash,25.0,50.0,40.01006796,-105.2742348
10786,DECIDUOUS,Fraxinus,americana,White Ash,40.0,60.0,40.01003978,-105.2741584
10789,DECIDUOUS,Fraxinus,americana,White Ash,12.0,30.0,40.01014218,-105.2739601
10793,DECIDUOUS,Fraxinus,americana,White Ash,12.0,30.0,40.01002841,-105.2739407
10795,DECIDUOUS,Fraxinus,americana,White Ash,40.0,70.0,40.01007672,-105.2738131
10828,DECIDUOUS,Fraxinus,americana,White Ash,20.0,40.0,40.01033979,-105.2733629
10830,DECIDUOUS,Fraxinus,americana,White Ash,12.0,40.0,40.01025109,-105.2732744
11187,DECIDUOUS,Tilia,americana,American Linden,21.0,43.0,40.0077835,-105.2725606
11188,DECIDUOUS,Acer,saccharinum,Silver Maple,30.0,65.0,40.00791504,-105.2723455
11194,DECIDUOUS,Syringa,reticulata,Tree Lilac,15.0,15.0,40.00810215,-105.2722327
11202,DECIDUOUS,Celtis,occidentalis,Common Hackberry,35.0,50.0,40.00816727,-105.2726974
11667,DECIDUOUS,Gleditsia,triacanthos,Honey Locust,30.0,45.0,40.00842482,-105.2735919
11672,CONIFEROUS,Picea,pungens,Blue Spruce,10.0,21.0,40.00904435,-105.2720301
11624,DECIDUOUS,Fraxinus,pennsylvanica,Green Ash,20.0,50.0,40.00935134,-105.274656
12368,DECIDUOUS,Quercus,bicolor,Swamp White Oak,20.0,24.0,40.00959121,-105.2723981
12369,DECIDUOUS,Magnolia,None,Magnolia,12.0,12.0,40.00959764,-105.272473
12370,DECIDUOUS,Crataegus,phaenopyrum,Washington Hawthorn,10.0,15.0,40.00955137,-105.2727119
12371,DECIDUOUS,Crataegus,phaenopyrum,Washington Hawthorn,15.0,15.0,40.00955135,-105.2728083
12366,DECIDUOUS,Gleditsia,triacanthos,Honey Locust,30.0,55.0,40.00964776,-105.2722233
12419,CONIFEROUS,Picea,pungens,Blue Spruce,16.0,50.0,40.00968087,-105.2732851
12423,CONIFEROUS,Pinus,flexilis,Limber Pine,16.0,35.0,40.00953623,-105.272054
12477,DECIDUOUS,Gymnocladus,dioicus,Kentucky Coffeetree,20.0,54.0,40.00833971,-105.2730267
13546,CONIFEROUS,Picea,pungens,Blue Spruce,4.0,9.0,40.0091491,-105.2711891
12487,DECIDUOUS,Pyrus,None,Pear,8.0,20.0,40.00805503,-105.273112
12542,CONIFEROUS,Thuja,None,Arborvitae,5.0,7.0,40.00823978,-105.2736165
12618,CONIFEROUS,Larix,None,Larch,12.0,30.0,40.00843066,-105.2748967
12622,CONIFEROUS,Pinus,ponderosa,Ponderosa Pine,25.0,53.0,40.00816392,-105.275006
12380,DECIDUOUS,Acer,platanoides,Norway Maple,22.0,33.0,40.0097303,-105.2720151
12384,CONIFEROUS,Cedrus,None,Cedar,8.0,20.0,40.00981822,-105.272267
12398,DECIDUOUS,Celtis,occidentalis,Common Hackberry,12.0,24.0,40.01013102,-105.2731134
12900,CONIFEROUS,Picea,pungens,Blue Spruce,24.0,58.0,40.00933775,-105.2732351
12916,DECIDUOUS,Platanus,acerifolia,American plane tree,25.0,60.0,40.00906298,-105.2744646
12918,DECIDUOUS,Quercus,macrocarpa,Bur Oak,30.0,35.0,40.00878969,-105.2748263
12925,DECIDUOUS,Acer,saccharum,Sugar Maple,18.0,25.0,40.01026336,-105.2745535
12927,DECIDUOUS,Acer,saccharinum,Silver Maple,30.0,45.0,40.01009267,-105.2748757
12933,DECIDUOUS,Crataegus,mollis,Downy Hawthorn,16.0,35.0,40.01034656,-105.2747304
12682,DECIDUOUS,Koelreuteria,None,Golden Rain Tree,15.0,30.0,40.0081746,-105.2747243
12685,DECIDUOUS,Quercus,alba,White Oak,30.0,40.0,40.00823608,-105.2745739
12726,CONIFEROUS,Pinus,ponderosa,Ponderosa Pine,30.0,56.0,40.00811643,-105.2745645
12733,CONIFEROUS,Picea,pungens,Blue Spruce,8.0,24.0,40.00825318,-105.2743454
12734,DECIDUOUS,Malus,None,Apple,16.0,22.0,40.00823212,-105.2713255
12735,DECIDUOUS,Malus,None,Apple,16.0,20.0,40.00820722,-105.2713254
12785,DECIDUOUS,Acer,saccharum,Sugar Maple,18.0,35.0,40.00936314,-105.2722618
12787,DECIDUOUS,Gymnocladus,dioicus,Kentucky Coffeetree,30.0,30.0,40.00935374,-105.2718479
12803,DECIDUOUS,Gleditsia,triacanthos,Honey Locust,30.0,50.0,40.00895257,-105.2735384
12823,CONIFEROUS,Picea,pungens,Blue Spruce,18.0,40.0,40.00824513,-105.2711863
12847,CONIFEROUS,Juniperus,None,Rocky Mountain Juniper,20.0,46.0,40.00773893,-105.2728514
12856,CONIFEROUS,Picea,pungens,Blue Spruce,12.0,36.0,40.00911312,-105.2712566
12865,CONIFEROUS,Picea,pungens,Blue Spruce,16.0,35.0,40.00932244,-105.2705961
12867,CONIFEROUS,Picea,pungens,Blue Spruce,24.0,47.0,40.00915674,-105.2705136
12868,CONIFEROUS,Juniperus,None,Juniper,12.0,30.0,40.00911364,-105.2702821
12885,CONIFEROUS,Abies,concolor,White Fir,8.0,35.0,40.00933403,-105.2718817
12893,CONIFEROUS,Picea,glauca,White Spruce,8.0,30.0,40.00906382,-105.2735717
12894,CONIFEROUS,Picea,pungens,Blue Spruce,4.0,5.0,40.0090311,-105.2735419
12895,CONIFEROUS,Picea,pungens,Blue Spruce,12.0,35.0,40.00908963,-105.2735682
12941,DECIDUOUS,Prunus,None,Flowering fruit trees,20.0,50.0,40.01009175,-105.2748263
12974,CONIFEROUS,Picea,pungens,Blue Spruce,16.0,35.0,40.0097673,-105.2738605
13231,CONIFEROUS,Picea,pungens,Blue Spruce,16.0,35.0,40.01003779,-105.276302
13232,CONIFEROUS,Picea,pungens,Blue Spruce,16.0,35.0,40.01003502,-105.276367
12990,DECIDUOUS,Cercis,canadensis,Redbud,25.0,38.0,40.0072981,-105.2725014
13000,DECIDUOUS,Rhamnus,cathartica,Buckthorn,8.0,12.0,40.00712197,-105.2725404
13002,DECIDUOUS,Cercis,canadensis,Redbud,8.0,12.0,40.00742048,-105.2725068
13005,DECIDUOUS,Cercis,canadensis,Redbud,12.0,24.0,40.00744523,-105.2726368
13007,DECIDUOUS,Aesculus,hippocastanum,Horse Chestnut,35.0,56.0,40.00748732,-105.2729176
13014,DECIDUOUS,Catalpa,speciosa,Western Catalpa,10.0,15.0,40.00950329,-105.2736938
13032,CONIFEROUS,Larix,None,Larch,4.0,6.0,40.00911159,-105.2742506
13430,DECIDUOUS,Fagus,None,Beech,16.0,30.0,40.0084647,-105.2744234
13431,DECIDUOUS,Ulmus,americana,American Elm,40.0,65.0,40.00852898,-105.2744292
13442,DECIDUOUS,Gymnocladus,dioicus,Kentucky Coffeetree,12.0,50.0,40.00864172,-105.2748415
13443,DECIDUOUS,Salix,None,Willow,40.0,60.0,40.00866703,-105.2747429
13447,DECIDUOUS,Carya,None,Hickory,18.0,50.0,40.00881788,-105.2747494
13450,DECIDUOUS,Malus,None,Apple,20.0,30.0,40.00894178,-105.2746752
13463,CONIFEROUS,Larix,None,European Larch,16.0,35.0,40.00856495,-105.2745288
13464,CONIFEROUS,Larix,None,Larch,16.0,35.0,40.00853857,-105.2745686
13477,CONIFEROUS,Pseudotsuga,menziesii,Douglas Fir,20.0,45.0,40.00851879,-105.2747329
13796,DECIDUOUS,Salix,None,Willow,35.0,65.0,40.01035261,-105.2734909
13813,DECIDUOUS,Crataegus,mollis,Downy Hawthorn,10.0,15.0,40.01011814,-105.2732031
13816,DECIDUOUS,Crataegus,mollis,Downy Hawthorn,3.0,10.0,40.01021496,-105.273187
13817,DECIDUOUS,Crataegus,mollis,Downy Hawthorn,3.0,10.0,40.01020145,-105.2731939
10149,DECIDUOUS,Catalpa,speciosa,Western Catalpa,7.0,14.0,40.00905908,-105.272804
10152,DECIDUOUS,Ulmus,americana,American Elm,60.0,93.0,40.00908975,-105.2729895
10154,DECIDUOUS,Acer,platanoides,Norway Maple,29.0,40.0,40.00906752,-105.2730935
10014,CONIFEROUS,Abies,concolor,White Fir,21.0,44.0,40.00883233,-105.274164
10015,CONIFEROUS,Picea,pungens,Blue Spruce,24.0,36.0,40.00888126,-105.2742478
10031,DECIDUOUS,Catalpa,speciosa,Catalpa,30.0,80.0,40.00880584,-105.2738156
10045,DECIDUOUS,Ulmus,americana,American Elm,57.0,65.0,40.00857037,-105.2751444
10049,DECIDUOUS,Betula,None,Birch,31.0,29.0,40.00878619,-105.2751343
10054,DECIDUOUS,Crataegus,mollis,Hawthorne,13.0,18.0,40.00890953,-105.2752637
10060,DECIDUOUS,Crataegus,mollis,Hawthorne,23.0,14.0,40.00898727,-105.2754941
10063,DECIDUOUS,Catalpa,speciosa,Western Catalpa,25.0,78.0,40.00913097,-105.2757072
10110,CONIFEROUS,Picea,abies,Norway Spruce,12.0,39.0,40.00848625,-105.2723113
10115,CONIFEROUS,Pinus,ponderosa,Ponderosa Pine,19.0,55.0,40.0093214,-105.2730568
10125,DECIDUOUS,Platanus,acerifolia,Planetree,6.0,15.0,40.00849711,-105.2724394
10130,DECIDUOUS,Ulmus,americana,American Elm,54.0,65.0,40.00882798,-105.2724247
10243,CONIFEROUS,Pseudotsuga,menziesii,Douglas Fir,12.0,48.0,40.00949198,-105.2752866
10277,DECIDUOUS,Acer,saccharinum,Silver Maple,38.0,55.0,40.00977932,-105.2747668
10278,DECIDUOUS,Fraxinus,americana,White Ash,16.0,38.0,40.00960564,-105.2747737
10284,DECIDUOUS,Quercus,rubra,Northern Red Oak,30.0,45.0,40.0095438,-105.2750225
10288,DECIDUOUS,Tilia,cordata,Little Leaf Linden,40.0,45.0,40.00970855,-105.2751374
10292,DECIDUOUS,Aesculus,flava,Yellow Buckeye,25.0,76.0,40.01007731,-105.2750506
10317,CONIFEROUS,Pinus,nigra,Austrian Pine,25.0,50.0,40.00954471,-105.2745946
10326,DECIDUOUS,Acer,saccharinum,Silver Maple,45.0,70.0,40.01006578,-105.2755976
10342,DECIDUOUS,Tilia,americana,American Linden,35.0,40.0,40.01023764,-105.2754573
10347,DECIDUOUS,Prunus,None,Flowering fruit trees,16.0,42.0,40.01028069,-105.2751689
10351,DECIDUOUS,Acer,saccharinum,Silver Maple,55.0,67.0,40.0099612,-105.2750604
10457,CONIFEROUS,Pseudotsuga,menziesii,Douglas Fir,10.0,20.0,40.01001908,-105.2755539
10461,CONIFEROUS,Picea,pungens,Blue Spruce,16.0,41.0,40.00961617,-105.2759021
10465,CONIFEROUS,Picea,pungens,Blue Spruce,16.0,43.0,40.00951011,-105.2759049
10476,CONIFEROUS,Pinus,ponderosa,Ponderosa Pine,15.0,60.0,40.01024457,-105.2757802
10478,CONIFEROUS,Pinus,ponderosa,Ponderosa Pine,15.0,60.0,40.01027243,-105.2757521
10740,DECIDUOUS,Fraxinus,americana,White Ash,8.0,20.0,40.00963691,-105.2740754
10740,DECIDUOUS,Fraxinus,americana,White Ash,8.0,20.0,40.00963798,-105.2740853
10768,DECIDUOUS,Fraxinus,americana,White Ash,20.0,50.0,40.00930146,-105.2743271
10778,DECIDUOUS,Fraxinus,americana,White Ash,15.0,30.0,40.01015848,-105.2742384
10781,DECIDUOUS,Fraxinus,americana,White Ash,30.0,70.0,40.01009962,-105.274168
10791,DECIDUOUS,Fraxinus,americana,White Ash,12.0,30.0,40.01012872,-105.2739989
10806,DECIDUOUS,Fraxinus,americana,White Ash,15.0,35.0,40.00998009,-105.2736255
10807,DECIDUOUS,Fraxinus,americana,White Ash,40.0,69.0,40.0099817,-105.2734391
11198,DECIDUOUS,Acer,x freemanii,Freeman Maple,17.0,36.0,40.00819283,-105.2724176
11201,DECIDUOUS,Acer,saccharum,Sugar Maple,10.0,16.0,40.00828734,-105.2726992
11213,CONIFEROUS,Picea,pungens,Blue Spruce,13.0,45.0,40.00828797,-105.2722721
14152,DECIDUOUS,Gleditsia,triacanthos,Honey Locust,6.0,6.0,40.00990963,-105.2757007
12374,DECIDUOUS,Cercis,canadensis,Redbud,20.0,30.0,40.00965472,-105.2730591
12376,DECIDUOUS,Cercis,canadensis,Redbud,20.0,30.0,40.00946618,-105.2730065
12422,CONIFEROUS,Juniperus,None,Juniper,16.0,40.0,40.00973649,-105.273195
12426,CONIFEROUS,Pinus,ponderosa,Ponderosa Pine,25.0,50.0,40.00996164,-105.2723182
12469,DECIDUOUS,Gleditsia,triacanthos,Honey Locust,30.0,50.0,40.00842604,-105.2733009
12470,DECIDUOUS,Quercus,robur,English Oak,42.0,48.0,40.00843068,-105.2731413
12615,CONIFEROUS,Juniperus,None,Juniper,15.0,35.0,40.00826073,-105.2740597
12377,DECIDUOUS,Ulmus,americana,American Elm,45.0,60.0,40.00958605,-105.2731019
12378,DECIDUOUS,Acer,saccharinum,Silver Maple,36.0,50.0,40.00960964,-105.2732027
12910,DECIDUOUS,Prunus,None,Flowering fruit trees,16.0,25.0,40.00903431,-105.274222
12928,DECIDUOUS,Prunus,None,Flowering fruit trees,10.0,12.0,40.0101091,-105.2749115
12688,DECIDUOUS,Malus,None,Apple,25.0,25.0,40.00851549,-105.2750355
12730,CONIFEROUS,Abies,concolor,White Fir,18.0,35.0,40.00829292,-105.2744838
12749,DECIDUOUS,Acer,saccharinum,Silver Maple,40.0,75.0,40.00772997,-105.2731479
12750,DECIDUOUS,Acer,platanoides,"Schwedler Norway
Maple",28.0,35.0,40.00918576,-105.2711948
12754,DECIDUOUS,Catalpa,speciosa,Western Catalpa,20.0,35.0,40.00934478,-105.2707463
12784,DECIDUOUS,Acer,saccharum,Sugar Maple,18.0,20.0,40.00935909,-105.2723711
12786,DECIDUOUS,Quercus,bicolor,Swamp White Oak,24.0,40.0,40.00935644,-105.2720673
12794,DECIDUOUS,Crataegus,crusgalli,Cockspur Hawthorn,8.0,10.0,40.00913188,-105.2723492
12800,DECIDUOUS,Aesculus,flava,Buckeye,16.0,20.0,40.0090168,-105.2740275
12802,DECIDUOUS,Fraxinus,pennsylvanica,Green Ash,30.0,60.0,40.00892747,-105.2734013
12804,DECIDUOUS,Tilia,americana,American Linden,30.0,50.0,40.00901349,-105.2733774
12809,DECIDUOUS,Quercus,alba,White Oak,16.0,15.0,40.00930021,-105.2750832
12810,DECIDUOUS,Acer,saccharum,Sugar Maple,20.0,56.0,40.00932173,-105.2752591
12812,DECIDUOUS,Malus,None,Apple,30.0,40.0,40.00929453,-105.2754766
12813,DECIDUOUS,Malus,None,Apple,30.0,40.0,40.00930755,-105.2755138
12814,DECIDUOUS,Malus,None,Apple,30.0,40.0,40.00927844,-105.2755319
12816,DECIDUOUS,Acer,platanoides,Norway Maple,20.0,30.0,40.00914431,-105.2754871
12849,CONIFEROUS,Pinus,strobus,Eastern White Pine,35.0,45.0,40.00777171,-105.2730283
12853,CONIFEROUS,Pinus,edulis,Colorado Pinyon Pine,6.0,10.0,40.00929067,-105.2712815
12855,CONIFEROUS,Picea,pungens,Blue Spruce,18.0,65.0,40.00916029,-105.2711387
12857,CONIFEROUS,Pinus,ponderosa,Ponderosa Pine,25.0,49.0,40.00928885,-105.2710585
12862,CONIFEROUS,Juniperus,None,Juniper,12.0,37.0,40.0091677,-105.2707995
12896,CONIFEROUS,Picea,pungens,Blue Spruce,12.0,35.0,40.00911212,-105.2736071
12945,DECIDUOUS,Prunus,None,Flowering fruit trees,6.0,10.0,40.0100523,-105.2748054
12948,DECIDUOUS,Rhamnus,cathartica,Buckthorn,8.0,12.0,40.00991694,-105.2749105
12954,CONIFEROUS,Juniperus,None,Juniper,16.0,37.0,40.0070604,-105.2729994
12958,CONIFEROUS,Pinus,ponderosa,Ponderosa Pine,16.0,45.0,40.00708994,-105.2725665
12959,CONIFEROUS,Picea,pungens,Blue Spruce,16.0,45.0,40.00712228,-105.2726082
13165,DECIDUOUS,Ulmus,americana,American Elm,35.0,77.0,40.00969979,-105.2755685
13230,CONIFEROUS,Picea,pungens,Blue Spruce,16.0,50.0,40.00998893,-105.2763245
13236,CONIFEROUS,Picea,pungens,Blue Spruce,20.0,38.0,40.00972475,-105.27582
12977,CONIFEROUS,Thuja,None,Arborvitae,8.0,12.0,40.00929735,-105.2740213
12980,CONIFEROUS,Juniperus,None,Juniper,16.0,18.0,40.00942076,-105.2740273
12989,DECIDUOUS,Rhamnus,cathartica,Buckthorn,8.0,12.0,40.00726838,-105.2725082
12995,DECIDUOUS,Rhamnus,cathartica,Buckthorn,8.0,12.0,40.00741141,-105.2727951
12998,DECIDUOUS,Rhamnus,cathartica,Buckthorn,8.0,12.0,40.00723767,-105.272994
12958,DECIDUOUS,Rhamnus,cathartica,Buckthorn,8.0,12.0,40.0070831,-105.272571
13020,DECIDUOUS,Acer,x freemanii,Freeman Maple,16.0,25.0,40.00959551,-105.2740189
13028,CONIFEROUS,Juniperus,None,Juniper,15.0,20.0,40.00939864,-105.2744879
13030,CONIFEROUS,Picea,pungens,Blue Spruce,16.0,35.0,40.0090173,-105.2742733
13037,CONIFEROUS,Abies,concolor,White Fir,8.0,20.0,40.01020013,-105.2747752
13426,DECIDUOUS,Quercus,palustris,Pin Oak,20.0,40.0,40.00845201,-105.2740297
13435,DECIDUOUS,Acer,saccharinum,Silver Maple,40.0,65.0,40.00888976,-105.2744465
13446,DECIDUOUS,Quercus,bicolor,Swamp White Oak,20.0,40.0,40.00876916,-105.2747186
13451,DECIDUOUS,Robinia,None,Locust,10.0,30.0,40.00876249,-105.2745618
13452,DECIDUOUS,Fraxinus,pennsylvanica,Green Ash,30.0,40.0,40.00879346,-105.2745374
13459,CONIFEROUS,Picea,pungens,Blue Spruce,35.0,70.0,40.00847174,-105.2746078
13460,CONIFEROUS,Picea,pungens,Blue Spruce,35.0,70.0,40.0085108,-105.2746625
13462,CONIFEROUS,Pseudotsuga,menziesii,Douglas Fir,20.0,45.0,40.0085397,-105.2746576
13478,CONIFEROUS,Juniperus,None,Juniper,8.0,30.0,40.00854466,-105.2747736
13313,DECIDUOUS,Ulmus,americana,American Elm,35.0,63.0,40.01025939,-105.2765031
13336,DECIDUOUS,Pyrus,None,Pear,20.0,29.0,40.00971789,-105.2756736
13695,DECIDUOUS,Acer,saccharum,Sugar maple,5.0,10.0,40.00996269,-105.2750086
13545,DECIDUOUS,Ulmus,americana,American Elm,50.0,70.0,40.01005396,-105.2733342
13797,DECIDUOUS,Pinus,ponderosa,Pine,12.0,0.0,40.00989022,-105.273232
13801,DECIDUOUS,Crataegus,mollis,Downy Hawthorn,12.0,0.0,40.01009672,-105.2732579
13804,DECIDUOUS,Malus,None,Apple,12.0,0.0,40.01003989,-105.2731847
13805,DECIDUOUS,Fraxinus,americana,Ash,12.0,0.0,40.01004118,-105.2732807
13807,DECIDUOUS,Crataegus,mollis,Downy Hawthorn,12.0,0.0,40.01000075,-105.2732601
13823,DECIDUOUS,Crataegus,mollis,Downy Hawthorn,3.0,10.0,40.01027063,-105.2731695
13826,DECIDUOUS,Crataegus,mollis,Downy Hawthorn,15.0,15.0,40.01035183,-105.2736005
13827,DECIDUOUS,Crataegus,mollis,Downy Hawthorn,15.0,20.0,40.01035176,-105.2735643
14157,DECIDUOUS,Acer,saccharinum,Maple,6.0,6.0,40.01000479,-105.2754679
10033,DECIDUOUS,Gleditsia,triacanthos,Honey Locust,38.0,54.0,40.0089649,-105.2737864
10043,DECIDUOUS,Tilia,cordata,Little Leaf Linden,34.0,42.0,40.00866358,-105.2750716
10056,DECIDUOUS,Prunus,None,Flowering fruit trees,9.0,12.0,40.00897726,-105.2751922
10119,DECIDUOUS,Gingko,biloba,Gingko,10.0,10.0,40.00893703,-105.2714994
10124,DECIDUOUS,Acer,saccharinum,Silver Maple,25.0,29.0,40.00843061,-105.272223
10126,DECIDUOUS,Quercus,bicolor,Swamp White Oak,15.0,22.0,40.00846437,-105.2725253
10131,DECIDUOUS,Quercus,muehlenbergii,Chinkapin Oak,4.0,8.0,40.00889718,-105.2726606
10132,DECIDUOUS,Quercus,muehlenbergii,Chinkapin Oak,4.0,10.0,40.0089139,-105.2725827
10134,DECIDUOUS,Quercus,robur,English Oak,38.0,46.0,40.00887324,-105.2722448
10290,DECIDUOUS,Acer,platanoides,Norway Maple,10.0,29.0,40.00957253,-105.2753615
10296,CONIFEROUS,Picea,pungens,Blue Spruce,18.0,50.0,40.00909551,-105.2701653
10324,DECIDUOUS,Crataegus,mollis,Hawthorne,18.0,20.0,40.01005014,-105.2759186
10332,DECIDUOUS,Acer,saccharinum,Silver Maple,40.0,50.0,40.00999131,-105.2754009
10349,DECIDUOUS,Crataegus,mollis,Hawthorne,20.0,25.0,40.01032985,-105.2750267
10355,DECIDUOUS,Quercus,muehlenbergii,Chinkapin Oak,6.0,15.0,40.01005338,-105.2752884
10466,CONIFEROUS,Picea,pungens,Blue Spruce,20.0,61.0,40.00952949,-105.2759784
10726,DECIDUOUS,Fraxinus,americana,White Ash,35.0,65.0,40.00906019,-105.2745999
10730,DECIDUOUS,Fraxinus,americana,White Ash,20.0,35.0,40.00908428,-105.2743629
10731,DECIDUOUS,Fraxinus,americana,White Ash,20.0,50.0,40.00909985,-105.2745593
10737,DECIDUOUS,Fraxinus,americana,White Ash,30.0,40.0,40.00939124,-105.2739615
10745,DECIDUOUS,Fraxinus,americana,White Ash,20.0,50.0,40.00938711,-105.2741214
10753,DECIDUOUS,Fraxinus,americana,White Ash,15.0,30.0,40.00941468,-105.2743191
10757,DECIDUOUS,Fraxinus,americana,White Ash,18.0,30.0,40.00972261,-105.2739897
10759,DECIDUOUS,Fraxinus,americana,White Ash,20.0,35.0,40.00994441,-105.2739111
10760,DECIDUOUS,Fraxinus,americana,White Ash,18.0,30.0,40.01001879,-105.27459
10769,DECIDUOUS,Fraxinus,americana,White Ash,20.0,50.0,40.00932682,-105.2743807
10784,DECIDUOUS,Fraxinus,americana,White Ash,10.0,30.0,40.01004571,-105.2742277
10790,DECIDUOUS,Fraxinus,americana,White Ash,12.0,30.0,40.01009862,-105.2739976
10792,DECIDUOUS,Fraxinus,americana,White Ash,12.0,30.0,40.01011985,-105.2739994
10794,DECIDUOUS,Fraxinus,americana,White Ash,40.0,45.0,40.01002142,-105.2738204
10826,DECIDUOUS,Fraxinus,pennsylvanica,Green Ash,20.0,30.0,40.01032587,-105.2732593
10831,DECIDUOUS,Fraxinus,americana,White Ash,20.0,30.0,40.01029578,-105.2734314
11186,DECIDUOUS,Malus,None,Apple,22.0,24.0,40.0077456,-105.2724639
11208,CONIFEROUS,Picea,pungens,Blue Spruce,20.0,82.0,40.00779476,-105.2722795
11209,CONIFEROUS,Picea,pungens,Blue Spruce,12.0,27.0,40.00775015,-105.2722847
11674,CONIFEROUS,Abies,concolor,White Fir,8.0,20.0,40.0090256,-105.2720001
11625,DECIDUOUS,Fraxinus,pennsylvanica,Green Ash,35.0,50.0,40.00925386,-105.2745315
12338,CONIFEROUS,Pinus,flexilis,Limber Pine,25.0,67.0,40.01033072,-105.2721927
12341,CONIFEROUS,Pseudotsuga,menziesii,Douglas Fir,20.0,67.0,40.01029811,-105.2724798
12367,DECIDUOUS,Quercus,muehlenbergii,Chinkapin Oak,5.0,10.0,40.00950272,-105.2722255
12417,CONIFEROUS,Juniperus,None,Juniper,20.0,45.0,40.00963331,-105.2729074
12418,CONIFEROUS,Juniperus,None,Juniper,20.0,40.0,40.00961596,-105.2729805
12471,DECIDUOUS,Gleditsia,triacanthos,Honey Locust,30.0,50.0,40.00842565,-105.2729424
12481,DECIDUOUS,Celtis,occidentalis,Common Hackberry,20.0,30.0,40.00795019,-105.2729857
12539,CONIFEROUS,Picea,pungens,Blue Spruce,20.0,60.0,40.00847054,-105.2739189
12540,CONIFEROUS,Abies,concolor,White Fir,24.0,40.0,40.00831515,-105.273838
12548,CONIFEROUS,Picea,pungens,Blue Spruce,10.0,8.0,40.00816124,-105.2730233
12382,DECIDUOUS,Morus,None,Mulberry,34.0,41.0,40.00981083,-105.2721575
12389,DECIDUOUS,Sorbus,None,Mountain-ash,20.0,20.0,40.01030059,-105.2723206
12396,DECIDUOUS,Celtis,occidentalis,Common Hackberry,18.0,35.0,40.01019601,-105.2730882
12905,CONIFEROUS,Picea,pungens,Blue Spruce,10.0,25.0,40.00932499,-105.2757151
12907,CONIFEROUS,Pinus,ponderosa,Ponderosa Pine,12.0,20.0,40.00927346,-105.2757147
12911,DECIDUOUS,Prunus,None,Flowering fruit trees,16.0,25.0,40.00906011,-105.2742602
12917,DECIDUOUS,Quercus,muehlenbergii,Chinkapin Oak,6.0,12.0,40.00873431,-105.27481
12931,DECIDUOUS,Crataegus,laevigatga,English Hawthorn,16.0,35.0,40.01034114,-105.2746783
12683,DECIDUOUS,Acer,saccharinum,Silver Maple,30.0,45.0,40.00823857,-105.2746552
12686,DECIDUOUS,Celtis,occidentalis,Common Hackberry,16.0,18.0,40.00832786,-105.274575
12724,CONIFEROUS,Juniperus,None,Juniper,16.0,35.0,40.00808083,-105.2744664
12729,CONIFEROUS,Picea,pungens,Blue Spruce,20.0,45.0,40.00815295,-105.2745159
12736,DECIDUOUS,Malus,None,Apple,16.0,20.0,40.00815675,-105.2713192
12747,DECIDUOUS,Tilia,americana,American Linden,16.0,40.0,40.00777854,-105.273189
12748,DECIDUOUS,Tilia,americana,American Linden,24.0,45.0,40.00779279,-105.2729322
12751,DECIDUOUS,Celtis,occidentalis,Common Hackberry,40.0,47.0,40.00934525,-105.2709832
12790,DECIDUOUS,Quercus,robur,English Oak,35.0,39.0,40.00909445,-105.2714505
12801,DECIDUOUS,Acer,saccharum,Sugar Maple,30.0,40.0,40.00902436,-105.2738561
12818,CONIFEROUS,Picea,pungens,Blue Spruce,16.0,40.0,40.0081444,-105.2713433
12850,CONIFEROUS,Tsuga,None,Hemlock,10.0,30.0,40.00774684,-105.2730264
12860,CONIFEROUS,Thuja,None,Arborvitae,25.0,40.0,40.00917448,-105.2708319
12886,CONIFEROUS,Abies,concolor,White Fir,10.0,40.0,40.00934782,-105.2717899
12887,CONIFEROUS,Abies,concolor,White Fir,5.0,12.0,40.00936023,-105.2714776
12892,CONIFEROUS,Abies,concolor,White Fir,12.0,30.0,40.00901824,-105.2713731
12938,DECIDUOUS,Crataegus,mollis,Downy Hawthorn,20.0,35.0,40.01032915,-105.2747372
12942,DECIDUOUS,Prunus,None,Flowering fruit trees,8.0,20.0,40.01004946,-105.2748248
12964,CONIFEROUS,Picea,pungens,Blue Spruce,8.0,15.0,40.00715822,-105.2728678
12965,CONIFEROUS,Picea,pungens,Blue Spruce,20.0,48.0,40.00952181,-105.2735323
13233,CONIFEROUS,Picea,pungens,Blue Spruce,16.0,45.0,40.01006561,-105.2763499
13235,CONIFEROUS,Pseudotsuga,menziesii,Douglas Fir,10.0,30.0,40.01002353,-105.2756094
12983,CONIFEROUS,Juniperus,None,Juniper,15.0,20.0,40.00924652,-105.2741666
12987,DECIDUOUS,Rhamnus,cathartica,Buckthorn,8.0,12.0,40.00708303,-105.2728734
12996,DECIDUOUS,Rhamnus,cathartica,Buckthorn,8.0,12.0,40.0073353,-105.2729839
13004,DECIDUOUS,Cercis,canadensis,Redbud,12.0,24.0,40.00748494,-105.2726346
13010,DECIDUOUS,Rhamnus,cathartica,Buckthorn,8.0,12.0,40.00709291,-105.2729136
13013,DECIDUOUS,Catalpa,speciosa,Western Catalpa,6.0,8.0,40.00950747,-105.2736079
13015,DECIDUOUS,Acer,saccharum,Sugar Maple,10.0,12.0,40.00951402,-105.2737386
13025,DECIDUOUS,Acer,saccharinum,Silver Maple,35.0,55.0,40.0098349,-105.273775
13432,DECIDUOUS,Gleditsia,triacanthos,Honey Locust,25.0,40.0,40.00842441,-105.2745811
13444,DECIDUOUS,Hamemelis,None,Witch Hazel,10.0,10.0,40.00869725,-105.2746543
13448,DECIDUOUS,Quercus,bicolor,Swamp White Oak,25.0,50.0,40.00886975,-105.2746608
13461,CONIFEROUS,Picea,pungens,Blue Spruce,20.0,35.0,40.00851409,-105.2746153
13304,DECIDUOUS,Gleditsia,triacanthos,Honey Locust,24.0,30.0,40.00809457,-105.2750665
13308,DECIDUOUS,Gleditsia,triacanthos,Honey Locust,25.0,35.0,40.00894553,-105.2755845
13311,DECIDUOUS,Catalpa,speciosa,Western Catalpa,38.0,75.0,40.00914148,-105.2756892
14145,DECIDUOUS,Hydrangea,paniculata,Panicle hydrangea,6.0,6.0,40.01007894,-105.2757049
13694,DECIDUOUS,Quercus,rubra,Oak,5.0,12.0,40.0099872,-105.2753476
13664,DECIDUOUS,Magnolia,None,Magnolia,5.0,15.0,40.00969418,-105.2737774
13822,DECIDUOUS,Crataegus,mollis,Downy Hawthorn,3.0,10.0,40.01026008,-105.2731546
13829,DECIDUOUS,Liquidambar,None,Sweetgum,15.0,20.0,40.01033175,-105.2739204
13832,DECIDUOUS,Crataegus,mollis,Hawthorne,15.0,20.0,40.0103099,-105.2741753
14158,DECIDUOUS,Cercis,canadensis,Redbud,6.0,6.0,40.00990841,-105.2754623
15605,DECIDUOUS,Quercus,macrocarpa,Bur Oak,3.0,8.0,40.00798267,-105.2728161
15677,DECIDUOUS,Acer,grandidentatum,Big Tooth Maple,25.432098765432098,10.0,40.00836085,-105.2747255
15678,DECIDUOUS,Platanus,xna,American Sycamore ,12.0,12.0,40.00845141,-105.2737588
10142,DECIDUOUS,Cercis,canadensis,Redbud,4.0,10.0,40.00924397,-105.2726198
10147,DECIDUOUS,Platanus,acerifolia,American plane tree,5.0,12.0,40.00904031,-105.2724954
10153,DECIDUOUS,Ulmus,americana,American Elm,48.0,79.0,40.00915105,-105.2729363
10157,DECIDUOUS,Malus,None,Apple,23.0,16.0,40.00931809,-105.2729028
10017,CONIFEROUS,Picea,pungens,Blue Spruce,10.0,52.0,40.0088639,-105.2743717
10037,DECIDUOUS,Gleditsia,triacanthos,Honey Locust,35.0,50.0,40.00896119,-105.2740145
10038,DECIDUOUS,Carpinus,None,Hornbeam,25.0,21.0,40.00869213,-105.2744238
10048,DECIDUOUS,Betula,None,Birch,31.0,29.0,40.00859304,-105.2753991
10050,DECIDUOUS,Quercus,rubra,Northern Red Oak,35.0,62.0,40.00880788,-105.2755374
10053,DECIDUOUS,Crataegus,mollis,Hawthorne,15.0,13.0,40.00890448,-105.2753711
10120,DECIDUOUS,Quercus,rubra,Northern Red Oak,45.0,50.0,40.00882534,-105.2715062
10121,DECIDUOUS,Quercus,rubra,Northern Red Oak,23.0,28.0,40.00858333,-105.2715287
10129,DECIDUOUS,Ulmus,americana,American Elm,45.0,85.0,40.00881864,-105.2726412
10139,DECIDUOUS,Acer,saccharinum,Silver Maple,40.0,93.0,40.0090459,-105.2724521
10279,DECIDUOUS,Acer,rubrum,Red Maple,8.0,15.0,40.00977507,-105.2747078
10337,DECIDUOUS,Quercus,rubra,Northern Red Oak,8.0,10.0,40.0102635,-105.2758974
10338,DECIDUOUS,Acer,saccharum,Sugar Maple,24.0,30.0,40.0101951,-105.275761
10350,DECIDUOUS,Celtis,occidentalis,Common Hackberry,40.0,48.0,40.01024856,-105.2750037
10462,CONIFEROUS,Pseudotsuga,menziesii,Douglas Fir,25.0,38.0,40.00959773,-105.2760316
10728,DECIDUOUS,Fraxinus,americana,White Ash,20.0,35.0,40.00904545,-105.2744857
10729,DECIDUOUS,Fraxinus,americana,White Ash,20.0,35.0,40.00905972,-105.2744531
10740,DECIDUOUS,Fraxinus,americana,White Ash,8.0,20.0,40.00963082,-105.2740756
10747,DECIDUOUS,Fraxinus,americana,White Ash,15.0,30.0,40.00964189,-105.2744491
10764,DECIDUOUS,Fraxinus,pennsylvanica,Green Ash,30.0,40.0,40.0091814,-105.2757567
10775,DECIDUOUS,Fraxinus,americana,White Ash,25.0,60.0,40.01034449,-105.2745355
10779,DECIDUOUS,Fraxinus,americana,White Ash,15.0,30.0,40.01011441,-105.2741795
10797,DECIDUOUS,Fraxinus,americana,White Ash,15.0,35.0,40.00999184,-105.2737411
10798,DECIDUOUS,Fraxinus,americana,White Ash,15.0,35.0,40.01001201,-105.2737028
10805,DECIDUOUS,Fraxinus,americana,White Ash,15.0,35.0,40.00997838,-105.2736364
10824,DECIDUOUS,Fraxinus,americana,White Ash,40.0,50.0,40.01022248,-105.2731512
10825,DECIDUOUS,Fraxinus,americana,White Ash,20.0,40.0,40.01026141,-105.273202
10829,DECIDUOUS,Fraxinus,americana,White Ash,12.0,30.0,40.01031443,-105.2733863
10885,DECIDUOUS,Fraxinus,pennsylvanica,Green Ash,20.0,40.0,40.00929654,-105.272248
11192,DECIDUOUS,Acer,ginnala,Amur Maple,15.0,15.0,40.00805943,-105.2722389
11195,DECIDUOUS,Syringa,reticulata,Tree Lilac,15.0,16.0,40.00812479,-105.272235
11662,DECIDUOUS,Acer,pseudoplatanus,Sycamore Maple,20.0,32.0,40.00847994,-105.2713464
11665,DECIDUOUS,Quercus,bicolor,Swamp White Oak,16.0,40.0,40.00910491,-105.2739085
11666,DECIDUOUS,Quercus,prinus,Chestnut Oak,42.0,82.0,40.00854375,-105.2740336
11676,CONIFEROUS,Abies,concolor,White Fir,10.0,36.0,40.00852592,-105.2714063
14151,DECIDUOUS,Gleditsia,triacanthos,Honey Locust,6.0,6.0,40.00997379,-105.2756999
12333,CONIFEROUS,Juniperus,None,Juniper,20.0,40.0,40.00995995,-105.272281
12365,DECIDUOUS,Gingko,biloba,Gingko,16.0,30.0,40.00972911,-105.2722468
12420,CONIFEROUS,Picea,pungens,Blue Spruce,16.0,50.0,40.00971439,-105.2732491
12466,DECIDUOUS,Quercus,rubra,Northern Red Oak,30.0,68.0,40.00890373,-105.2730371
12476,DECIDUOUS,Gingko,biloba,Gingko,5.0,12.0,40.00818644,-105.2729827
12480,DECIDUOUS,Quercus,rubra,Northern Red Oak,40.0,55.0,40.00791697,-105.2730867
12482,DECIDUOUS,Celtis,occidentalis,Common Hackberry,20.0,35.0,40.00804792,-105.2727982
12383,DECIDUOUS,Celtis,occidentalis,Common Hackberry,30.0,55.0,40.00983338,-105.2721076
12386,DECIDUOUS,Crataegus,mollis,Downy Hawthorn,10.0,20.0,40.00999131,-105.2720496
12387,DECIDUOUS,Acer,platanoides,Norway Maple,25.0,28.0,40.00993709,-105.2720124
12388,DECIDUOUS,Celtis,occidentalis,Common Hackberry,20.0,40.0,40.01035101,-105.2722322
12397,DECIDUOUS,Celtis,occidentalis,Common Hackberry,12.0,24.0,40.0101434,-105.2730861
12400,DECIDUOUS,Celtis,occidentalis,Common Hackberry,12.0,24.0,40.01019471,-105.2729729
12902,CONIFEROUS,Picea,pungens,Blue Spruce,16.0,55.0,40.00930639,-105.2734864
12904,CONIFEROUS,Pseudotsuga,menziesii,Douglas Fir,18.0,58.0,40.00926637,-105.2737546
12909,DECIDUOUS,Prunus,None,Flowering fruit trees,16.0,30.0,40.00906377,-105.2742505
12919,DECIDUOUS,Acer,saccharinum,Silver Maple,25.0,30.0,40.00978831,-105.2745321
12921,DECIDUOUS,Rhamnus,cathartica,Buckthorn,8.0,12.0,40.01004408,-105.274514
12926,DECIDUOUS,Gymnocladus,dioicus,Kentucky Coffeetree,35.0,65.0,40.01016852,-105.2747657
12680,DECIDUOUS,Koelreuteria,None,Golden Rain Tree,15.0,30.0,40.00816292,-105.2747073
12687,DECIDUOUS,Gingko,biloba,Gingko,7.0,10.0,40.00829618,-105.2744101
12732,CONIFEROUS,Juniperus,None,Juniper,18.0,35.0,40.00826856,-105.2743303
12753,DECIDUOUS,Acer,saccharinum,Silver Maple,20.0,40.0,40.0091385,-105.2707318
12788,DECIDUOUS,Gymnocladus,dioicus,Kentucky Coffeetree,30.0,30.0,40.00934314,-105.2715892
12806,DECIDUOUS,Catalpa,speciosa,Western Catalpa,30.0,58.0,40.00938921,-105.2735878
12807,DECIDUOUS,Quercus,rubra,Northern Red Oak,40.0,62.0,40.00928361,-105.2738253
12851,CONIFEROUS,Picea,pungens,Blue Spruce,12.0,29.0,40.00933937,-105.271327
12852,CONIFEROUS,Picea,pungens,Blue Spruce,12.0,26.0,40.00935163,-105.2712821
12854,CONIFEROUS,Picea,pungens,Blue Spruce,18.0,68.0,40.0091133,-105.271193
12859,CONIFEROUS,Thuja,None,Arborvitae,25.0,40.0,40.00918398,-105.2709573
12947,DECIDUOUS,Prunus,None,Flowering fruit trees,6.0,10.0,40.01002656,-105.2748921
12950,DECIDUOUS,Rhamnus,cathartica,Buckthorn,8.0,12.0,40.00990429,-105.2748671
12948,DECIDUOUS,Rhamnus,cathartica,Buckthorn,8.0,12.0,40.00991577,-105.2749058
12963,CONIFEROUS,Picea,pungens,Blue Spruce,16.0,40.0,40.00712727,-105.2728723
12970,CONIFEROUS,Juniperus,None,Juniper,10.0,25.0,40.00969238,-105.2738982
12971,CONIFEROUS,Picea,pungens,Blue Spruce,10.0,25.0,40.00971054,-105.2738396
12979,CONIFEROUS,Thuja,None,Arborvitae,8.0,12.0,40.00927249,-105.2740741
10748,CONIFEROUS,Picea,pungens,Blue Spruce,10.0,15.0,40.00960263,-105.2744545
12990,DECIDUOUS,Rhamnus,cathartica,Buckthorn,8.0,12.0,40.00729986,-105.2725112
12994,DECIDUOUS,Rhamnus,cathartica,Buckthorn,8.0,12.0,40.00741384,-105.2727223
13016,DECIDUOUS,Rhamnus,cathartica,Buckthorn,18.0,12.0,40.00953669,-105.2738046
13017,DECIDUOUS,Malus,None,Apple,12.0,12.0,40.00945178,-105.2738094
13018,DECIDUOUS,Acer,saccharinum,Silver Maple,35.0,55.0,40.00956073,-105.2738817
13021,DECIDUOUS,Acer,x freemanii,Freeman Maple,8.0,12.0,40.00953549,-105.2740816
13035,CONIFEROUS,Pinus,mugo,Mugo Pine,20.0,20.0,40.01003841,-105.2744436
13038,CONIFEROUS,Abies,concolor,White Fir,16.0,45.0,40.0101282,-105.2748932
13475,CONIFEROUS,Pinus,mugo,Mugo Pine,20.0,51.0,40.00857213,-105.2749767
13305,DECIDUOUS,Acer,rubrum,Red Maple,20.0,35.0,40.00822592,-105.2751458
13314,DECIDUOUS,Malus,None,Apple,12.0,12.0,40.01039314,-105.2764618
13315,DECIDUOUS,Malus,None,Apple,12.0,16.0,40.01039347,-105.2763469
13331,DECIDUOUS,Ulmus,americana,American Elm,45.0,54.0,40.00994747,-105.2762953
13800,DECIDUOUS,Fraxinus,americana,Ash,12.0,0.0,40.01008905,-105.2732932
13802,DECIDUOUS,Crataegus,mollis,Downy Hawthorn,12.0,0.0,40.0100577,-105.2732397
13821,DECIDUOUS,Crataegus,mollis,Downy Hawthorn,3.0,10.0,40.01024888,-105.273141
14159,DECIDUOUS,Cercis,canadensis,Redbud,6.0,6.0,40.00997266,-105.2754634
14160,DECIDUOUS,Malus,None,Apple,6.0,6.0,40.01002079,-105.275589
10143,DECIDUOUS,Quercus,macrocarpa,Bur Oak,29.0,37.0,40.00920792,-105.2728465
10145,DECIDUOUS,Malus,None,Apple,21.0,15.0,40.00931821,-105.2726584
10156,DECIDUOUS,Acer,platanoides,Norway Maple,17.0,27.0,40.00928447,-105.272934
10032,DECIDUOUS,Catalpa,speciosa,Catalpa,20.0,65.0,40.00885225,-105.2737589
10040,DECIDUOUS,Tilia,cordata,Little Leaf Linden,37.0,45.0,40.00885592,-105.2735717
10123,DECIDUOUS,Quercus,alba,White Oak,6.0,11.0,40.00844611,-105.2720974
10135,DECIDUOUS,Quercus,alba,White Oak,5.0,8.0,40.00890708,-105.2720421
10244,CONIFEROUS,Pinus,strobiformis,Southwestern White Pine,32.0,52.0,40.00952279,-105.2752546
10320,CONIFEROUS,Juniperus,None,Juniper,16.0,18.0,40.00968134,-105.274525
10333,DECIDUOUS,Acer,saccharinum,Silver Maple,40.0,60.0,40.00957882,-105.2756485
10336,DECIDUOUS,Ulmus,americana,American Elm,35.0,46.0,40.01033806,-105.2759972
10339,DECIDUOUS,Prunus,None,Flowering fruit trees,20.0,49.0,40.01028034,-105.2755611
10344,DECIDUOUS,Liriodendron,tulipifera,Tulip Tree,8.0,15.0,40.01031859,-105.2754632
10352,DECIDUOUS,Acer,saccharinum,Silver Maple,60.0,75.0,40.01007757,-105.2754581
10459,CONIFEROUS,Picea,pungens,Blue Spruce,16.0,40.0,40.00986825,-105.2754197
10470,CONIFEROUS,Pinus,nigra,Austrian Pine,16.0,38.0,40.01027229,-105.2758179
10481,CONIFEROUS,Picea,pungens,Blue Spruce,16.0,41.0,40.01027617,-105.27526
10725,DECIDUOUS,Fraxinus,americana,White Ash,15.0,30.0,40.00871351,-105.2747593
10732,DECIDUOUS,Fraxinus,americana,White Ash,25.0,50.0,40.00903838,-105.2742536
10735,DECIDUOUS,Fraxinus,pennsylvanica,Green Ash,40.0,75.0,40.00953403,-105.2731339
10780,DECIDUOUS,Fraxinus,americana,White Ash,15.0,30.0,40.01015323,-105.2739543
10784,DECIDUOUS,Fraxinus,americana,White Ash,10.0,30.0,40.01004286,-105.2742321
10800,DECIDUOUS,Fraxinus,americana,White Ash,15.0,35.0,40.01004382,-105.2737678
10834,DECIDUOUS,Fraxinus,pennsylvanica,Green Ash,20.0,30.0,40.00896435,-105.2757084
10924,CONIFEROUS,Juniperus,None,Juniper,10.0,29.0,40.00763182,-105.2722861
11189,DECIDUOUS,Acer,saccharinum,Silver Maple,30.0,60.0,40.00796393,-105.2725857
11191,DECIDUOUS,Quercus,palustris,Pin Oak,26.0,56.0,40.00809071,-105.272314
11197,DECIDUOUS,Rhamnus,cathartica,Buckthorn,12.0,15.0,40.00820849,-105.2722712
11203,DECIDUOUS,Celtis,occidentalis,Common Hackberry,30.0,54.0,40.00806316,-105.2726998
11210,CONIFEROUS,Picea,pungens,Blue Spruce,12.0,30.0,40.00773859,-105.2723103
11669,DECIDUOUS,Gleditsia,triacanthos,Honey Locust,30.0,45.0,40.00842461,-105.2739441
11670,DECIDUOUS,Quercus,coccinea,Scarlet Oak,30.0,68.0,40.00904874,-105.2737772
11678,CONIFEROUS,Picea,pungens,Blue Spruce,14.0,55.0,40.0091189,-105.2736743
11623,DECIDUOUS,Fraxinus,pennsylvanica,Green Ash,40.0,51.0,40.00935042,-105.2748205
11661,DECIDUOUS,Fraxinus,americana,White Ash,35.0,52.0,40.0096928,-105.2758574
14156,DECIDUOUS,Acer,platanoides,Norway Maple,6.0,6.0,40.00987523,-105.2754634
12372,DECIDUOUS,Quercus,coccinea,Scarlet Oak,45.0,54.0,40.0095019,-105.2725889
12331,CONIFEROUS,Pinus,ponderosa,Ponderosa Pine,25.0,50.0,40.010007,-105.2724681
12335,CONIFEROUS,Picea,pungens,Blue Spruce,20.0,60.0,40.01007713,-105.2720146
12464,DECIDUOUS,Acer,platanoides,Norway Maple,33.0,25.0,40.00881526,-105.2728325
12468,DECIDUOUS,Gleditsia,triacanthos,Honey Locust,25.0,38.0,40.00842731,-105.2734101
12514,DECIDUOUS,Malus,None,Apple,5.0,40.0,40.00718783,-105.2731787
12546,CONIFEROUS,Picea,pungens,Blue Spruce,24.0,60.0,40.00812263,-105.27309
12617,CONIFEROUS,Abies,concolor,White Fir,20.0,62.0,40.0083133,-105.2739768
12621,CONIFEROUS,Pinus,mugo,Mugo Pine,6.0,8.0,40.00849311,-105.2751056
12381,DECIDUOUS,Fagus,None,Beech,16.0,30.0,40.00960127,-105.27204
12392,DECIDUOUS,Gleditsia,triacanthos,Honey Locust,20.0,39.0,40.01037771,-105.2726406
12394,DECIDUOUS,Acer,platanoides,Norway Maple,25.0,40.0,40.01025798,-105.2730027
12914,DECIDUOUS,Cercis,canadensis,Redbud,16.0,25.0,40.00905726,-105.2745044
12924,DECIDUOUS,Acer,saccharum,Sugar Maple,18.0,25.0,40.01026781,-105.2746811
12932,DECIDUOUS,Crataegus,mollis,Downy Hawthorn,16.0,35.0,40.01035796,-105.2746879
12741,DECIDUOUS,Crataegus,crusgalli,Cockspur Hawthorn,6.0,8.0,40.00825775,-105.2710256
12792,DECIDUOUS,Gingko,biloba,Gingko,5.0,12.0,40.00912718,-105.2722592
12795,DECIDUOUS,Crataegus,crusgalli,Cockspur Hawthorn,8.0,10.0,40.00909697,-105.2723709
12798,DECIDUOUS,Acer,pseudoplatanus,Sycamore Maple,16.0,24.0,40.00903888,-105.2723798
12808,DECIDUOUS,Acer,rubrum,Red Maple,10.0,15.0,40.00932401,-105.2751787
12861,CONIFEROUS,Picea,pungens,Blue Spruce,25.0,65.0,40.00917084,-105.2710207
12863,CONIFEROUS,Picea,pungens,Blue Spruce,16.0,48.0,40.00916897,-105.2708123
12889,CONIFEROUS,Picea,pungens,Colorado Blue Spruce,16.0,28.0,40.00906255,-105.2713403
12890,CONIFEROUS,Picea,pungens,Blue Spruce,18.0,58.0,40.00909676,-105.2713747
12936,DECIDUOUS,Acer,saccharinum,Silver Maple,30.0,45.0,40.010301,-105.2748992
12939,DECIDUOUS,Gymnocladus,dioicus,Kentucky Coffeetree,20.0,45.0,40.01030737,-105.2748025
12951,DECIDUOUS,Rhamnus,cathartica,Buckthorn,8.0,12.0,40.00989931,-105.274877
12961,CONIFEROUS,Pinus,ponderosa,Ponderosa Pine,6.0,20.0,40.00709355,-105.2726408
13214,CONIFEROUS,Pseudotsuga,menziesii,Douglas Fir,16.0,48.0,40.00835645,-105.2752121
13215,CONIFEROUS,Pseudotsuga,menziesii,Douglas Fir,12.0,30.0,40.00842678,-105.2752812
12975,CONIFEROUS,Picea,pungens,Blue Spruce,16.0,30.0,40.00985278,-105.2734539
12984,CONIFEROUS,Juniperus,None,Juniper,15.0,20.0,40.00925814,-105.2742384
12988,DECIDUOUS,Rhamnus,cathartica,Buckthorn,8.0,12.0,40.00724519,-105.2725111
12991,DECIDUOUS,Rhamnus,cathartica,Buckthorn,8.0,12.0,40.00734583,-105.2725007
12997,DECIDUOUS,Rhamnus,cathartica,Buckthorn,8.0,12.0,40.00727191,-105.2729839
13010,DECIDUOUS,Rhamnus,cathartica,Buckthorn,8.0,12.0,40.00709568,-105.2729206
13022,DECIDUOUS,Prunus,None,Flowering fruit trees,10.0,15.0,40.00960698,-105.2739743
13023,DECIDUOUS,Acer,saccharinum,Silver Maple,20.0,40.0,40.00963887,-105.2739365
13029,CONIFEROUS,Picea,pungens,Blue Spruce,16.0,35.0,40.00903978,-105.274307
13427,DECIDUOUS,Ulmus,americana,American Elm,40.0,75.0,40.00841252,-105.2741229
13440,DECIDUOUS,Rhamnus,cathartica,Buckthorn,18.0,10.0,40.00856537,-105.274849
13465,CONIFEROUS,Picea,pungens,Blue Spruce,16.0,40.0,40.00869288,-105.2745393
13472,CONIFEROUS,Juniperus,None,Juniper,20.0,35.0,40.00842537,-105.2747549
13479,CONIFEROUS,Picea,pungens,Blue Spruce,16.0,40.0,40.00867755,-105.2748723
13480,CONIFEROUS,Juniperus,None,Juniper,10.0,20.0,40.00867097,-105.2748236
13312,DECIDUOUS,Quercus,robur,English Oak,35.0,40.0,40.00917658,-105.2758658
13700,DECIDUOUS,Acer,saccharum,Sugar Maple,4.0,8.0,40.00818766,-105.2725514
13544,DECIDUOUS,Ulmus,americana,American Elm,8.0,20.0,40.01030426,-105.2728703
13803,DECIDUOUS,Celtis,occidentalis,Common Hackberry,12.0,0.0,40.01002234,-105.2732592
13812,DECIDUOUS,Rhamnus,cathartica,Buckthorn,12.0,0.0,40.00992413,-105.2732313
13814,DECIDUOUS,Crataegus,mollis,Downy Hawthorn,10.0,15.0,40.01013586,-105.2732202
13815,DECIDUOUS,Crataegus,mollis,Downy Hawthorn,3.0,10.0,40.01023126,-105.2731808
13819,DECIDUOUS,Crataegus,mollis,Downy Hawthorn,15.0,20.0,40.01017259,-105.2731738
13830,DECIDUOUS,Taxodium,None,Bald Cypress,15.0,25.0,40.01025156,-105.2739641
13833,DECIDUOUS,Crataegus,mollis,Hawthorne,15.0,20.0,40.01031641,-105.2742579
14027,DECIDUOUS,Catalpa,speciosa,Western Catalpa,5.0,10.0,40.00831462,-105.2727976
15693,DECIDUOUS,Acer,saccharum,saccharinum,25.432098765432098,40.0,40.00969953,-105.2748892
15694,DECIDUOUS,Acer,saccharum,Sugar Maple,25.432098765432098,12.0,40.00986183,-105.2751432
